{
  "controller/BaseController-dbg.js": 1715236430502,
  "controller/Details.controller.js": 1715236440398,
  "controller/Home.controller.js": 1715236082189,
  "model/models.js": 1715235686744,
  "controller/BaseController.js": 1715236430502,
  "controller/App.controller.js": 1715235686748,
  "manifest.json": 1715321369975,
  "Component.js": 1715235686732,
  "Component-dbg.js": 1715235686732,
  "Component.js.map": 1715321370194,
  "controller/Home-dbg.controller.js": 1715236082189,
  "controller/Home.controller.js.map": 1715321370220,
  "model/models-dbg.js": 1715235686744,
  "model/models.js.map": 1715321370194,
  "i18n/i18n.properties": 1715235703859,
  "controller/BaseController.js.map": 1715321370200,
  "controller/App-dbg.controller.js": 1715235686748,
  "controller/App.controller.js.map": 1715321370197,
  "controller/Details-dbg.controller.js": 1715236440398,
  "controller/Details.controller.js.map": 1715321370204,
  "Component-preload.js": 1715321370506,
  "Component-preload.js.map": 1715321370507,
  "view/Home.view.xml": 1715316590484,
  "view/Details.view.xml": 1715236463230,
  "view/App.view.xml": 1715235686752,
  "css/style.css": 1715235686748,
  "Fragments/studentinfo.fragment.xml": 1715236909910,
  "Fragments/creeatestu.fragment.xml": 1715236855931,
  "Fragments/address.fragment.xml": 1715236561644,
  "index.html": 1715235686736
}